repository_url,repository_language,repository_watchers
https://github.com/tenderlove/mechanize,Ruby,1205
https://github.com/rubyist/aasm,Ruby,1089
https://github.com/cakephp/cakephp,PHP,3454
https://github.com/pivotal/jasmine,JavaScript,4289
https://github.com/collectiveidea/awesome_nested_set,Ruby,1015
https://github.com/arsduo/koala,Ruby,1693
https://github.com/needim/noty,JavaScript,2023
https://github.com/hbons/SparkleShare,C#,2213
https://github.com/srobbin/jquery-backstretch,JavaScript,1232
https://github.com/apenwarr/bup,Python,1698
https://github.com/engineyard/ey-cloud-recipes,Ruby,1022
https://github.com/kriswallsmith/assetic,PHP,1355
https://github.com/defunkt/facebox,JavaScript,1774
https://github.com/boctor/idev-recipes,Objective-C,1890
https://github.com/omz/AppSales-Mobile,Objective-C,1505
https://github.com/rubinius/rubinius,Ruby,1604
https://github.com/adobe/brackets,JavaScript,8385
https://github.com/nicolasgramlich/AndEngine,Java,1108
https://github.com/mojombo/jekyll,Ruby,8718
https://github.com/bbatsov/rails-style-guide,null,1511
https://github.com/olton/Metro-UI-CSS,PHP,1356
https://github.com/scrapy/scrapy,Python,1271
https://github.com/paulasmuth/fnordmetric,Ruby,2167
https://github.com/sitaramc/gitolite,Perl,3615
https://github.com/futuretap/InAppSettingsKit,Objective-C,1419
https://github.com/nesquena/rabl,Ruby,1838
https://github.com/octocat/Hello-World,null,1309
https://github.com/kennethreitz/legit,Python,1763
https://github.com/gimenete/iOS-boilerplate,Objective-C,2176
https://github.com/joyent/node,JavaScript,19390
https://github.com/celluloid/celluloid,Ruby,1396
https://github.com/moxiecode/plupload,JavaScript,1811
https://github.com/twitter/finagle,Scala,1396
https://github.com/defnull/bottle,Python,1526
https://github.com/KentBeck/junit,Java,1258
https://github.com/lipka/piecon,JavaScript,1741
https://github.com/jshint/jshint,JavaScript,1727
https://github.com/arshaw/fullcalendar,JavaScript,1620
https://github.com/github/gitignore,null,7749
https://github.com/substack/dnode,JavaScript,1197
https://github.com/cloudhead/vows,JavaScript,1060
https://github.com/benpickles/peity,JavaScript,1367
https://github.com/javan/whenever,Ruby,3070
https://github.com/thoughtbot/clearance,Ruby,1175
https://github.com/escoz/QuickDialog,Objective-C,1870
https://github.com/bestiejs/lodash,JavaScript,1703
https://github.com/TheRealKerni/HockeyKit,Objective-C,1219
https://github.com/SlexAxton/yepnope.js,JavaScript,1511
https://github.com/YOU-LOST/THE-GAME,null,5647
https://github.com/textmate/textmate,C++,7926
https://github.com/Bukkit/CraftBukkit,Java,1754
https://github.com/OpenKinect/libfreenect,C,1517
https://github.com/vitalets/x-editable,JavaScript,1406
https://github.com/bmatzelle/gow,Visual Basic,1413
https://github.com/jackmoore/colorbox,JavaScript,2030
https://github.com/scottjehl/Respond,JavaScript,3341
https://github.com/FortAwesome/Font-Awesome,JavaScript,9690
https://github.com/kr/beanstalkd,C,1082
https://github.com/square/PonyDebugger,Objective-C,1217
https://github.com/mozilla/BrowserQuest,JavaScript,3047
https://github.com/bbatsov/ruby-style-guide,Ruby,2366
https://github.com/javve/list,JavaScript,1678
https://github.com/JoelBesada/scrollpath,JavaScript,1583
https://github.com/scrod/nv,Objective-C,1103
https://github.com/philsturgeon/codeigniter-restserver,PHP,1073
https://github.com/apotonick/cells,Ruby,1275
https://github.com/mattt/TTTAttributedLabel,Objective-C,1037
https://github.com/SignalR/SignalR,C#,2510
https://github.com/myell0w/MTStatusBarOverlay,Objective-C,1253
https://github.com/puma/puma,Ruby,1309
https://github.com/liuliu/ccv,C,2193
https://github.com/wvanbergen/request-log-analyzer,Ruby,1229
https://github.com/shutterstock/rickshaw,JavaScript,2435
https://github.com/IanLunn/Sequence,JavaScript,1249
https://github.com/mongodb/mongo,C++,3649
https://github.com/andrewplummer/Sugar,JavaScript,1500
https://github.com/icodeforlove/node-cubby,JavaScript,1119
https://github.com/aFarkas/html5shiv,JavaScript,1754
https://github.com/mranney/node_redis,JavaScript,1857
https://github.com/rack/rack,Ruby,1324
https://github.com/nex3/sass,Ruby,1673
https://github.com/Automattic/_s,PHP,1578
https://github.com/travis-ci/travis-ci,Ruby,1799
https://github.com/hakimel/stroll.js,JavaScript,2012
https://github.com/shichuan/javascript-patterns,JavaScript,2840
https://github.com/weavejester/compojure,Clojure,1286
https://github.com/alexgorbatchev/SyntaxHighlighter,JavaScript,1639
https://github.com/WordPress/WordPress,PHP,1799
https://github.com/cappuccino/cappuccino,Objective-J,1741
https://github.com/stubbornella/csslint,JavaScript,1188
https://github.com/srobbin/jquery-pageslide,JavaScript,1026
https://github.com/JakeWharton/ActionBarSherlock,Java,2540
https://github.com/brynary/webrat,Ruby,1505
https://github.com/twitter/snowflake,Scala,1001
https://github.com/powmedia/backbone-forms,JavaScript,1050
https://github.com/progrium/localtunnel,Python,1313
https://github.com/rmurphey/jqfundamentals,JavaScript,1127
https://github.com/joshuaclayton/blueprint-css,Ruby,5043
https://github.com/remy/nodemon,JavaScript,1015
https://github.com/cucumber/cucumber,Ruby,3355
https://github.com/addyosmani/todomvc,JavaScript,4847
https://github.com/edavis10/redmine,Ruby,2054
https://github.com/bradbirdsall/Swipe,JavaScript,1465
https://github.com/meteor/meteor,JavaScript,6763
https://github.com/skwp/dotfiles,Ruby,1261
https://github.com/bcardarella/client_side_validations,Ruby,1429
https://github.com/davatron5000/FitText.js,JavaScript,2313
https://github.com/ericjohnson/canabalt-ios,Objective-C,1186
https://github.com/carlhuda/bundler,Ruby,1802
https://github.com/Inferis/ViewDeck,Objective-C,1799
https://github.com/technicalpickles/jeweler,Ruby,1128
https://github.com/dennisreimann/ioctocat,Objective-C,1037
https://github.com/facebook/facebook-android-sdk,Java,2172
https://github.com/bazaarlabs/gitdocs,JavaScript,1070
https://github.com/BradLarson/GPUImage,Objective-C,2248
https://github.com/typhoeus/typhoeus,Ruby,1501
https://github.com/arashpayan/appirater,Objective-C,1550
https://github.com/enyojs/enyo,JavaScript,1426
https://github.com/maccman/juggernaut,JavaScript,1607
https://github.com/ccgus/fmdb,Objective-C,2116
https://github.com/sstephenson/rbenv,Shell,2699
https://github.com/fontello/fontello,JavaScript,1482
https://github.com/jashkenas/coffee-script,CoffeeScript,6724
https://github.com/twitter/mysql,C,1111
https://github.com/documentcloud/backbone,JavaScript,11878
https://github.com/eddiemachado/bones,PHP,1079
https://github.com/NaturalNode/natural,JavaScript,1051
https://github.com/facebook/scribe,C++,1857
https://github.com/matej/MBProgressHUD,Objective-C,1028
https://github.com/seanpowell/Email-Boilerplate,null,1364
https://github.com/github/hubot,CoffeeScript,3098
https://github.com/plusjade/jekyll-bootstrap,Ruby,1102
https://github.com/SpringSource/spring-framework,Java,1410
https://github.com/bnoguchi/everyauth,JavaScript,1866
https://github.com/railsbp/rails_best_practices,Ruby,1519
https://github.com/composer/composer,PHP,1670
https://github.com/h5bp/html5-boilerplate,JavaScript,17230
https://github.com/notahat/machinist,Ruby,1061
https://github.com/mwaterfall/MWFeedParser,Objective-C,1031
https://github.com/1602/compound,JavaScript,1030
https://github.com/drnic/ruby-on-rails-tmbundle,Ruby,1006
https://github.com/sunspot/sunspot,Ruby,1424
https://github.com/github/hubot-scripts,CoffeeScript,1363
https://github.com/daneden/animate.css,null,3561
https://github.com/nicklockwood/iCarousel,Objective-C,1706
https://github.com/ShareKit/ShareKit,Objective-C,1197
https://github.com/douglascrockford/JSLint,JavaScript,1453
https://github.com/technoweenie/attachment_fu,Ruby,1046
https://github.com/icodeforlove/node-requester,JavaScript,2524
https://github.com/jigish/slate,Objective-C,1404
https://github.com/jschr/bootstrap-modal,JavaScript,1881
https://github.com/sintaxi/phonegap,JavaScript,1697
https://github.com/quicksilver/Quicksilver,Objective-C,1224
https://github.com/madrobby/zepto,JavaScript,4224
https://github.com/samizdatco/arbor,JavaScript,1022
https://github.com/middleman/middleman,Ruby,1403
https://github.com/scrooloose/syntastic,VimL,1360
https://github.com/jquery/plugins.jquery.com,JavaScript,1100
https://github.com/teambox/teambox,Ruby,1561
https://github.com/trentrichardson/jQuery-Timepicker-Addon,null,1295
https://github.com/dangrossman/bootstrap-daterangepicker,JavaScript,1211
https://github.com/avalanche123/Imagine,PHP,1154
https://github.com/nicolargo/glances,Python,1040
https://github.com/progit/progit,Ruby,2900
https://github.com/rspec/rspec-rails,Ruby,1221
https://github.com/jzaefferer/jquery-validation,JavaScript,2081
https://github.com/remy/html5demos,JavaScript,2379
https://github.com/madrobby/keymaster,JavaScript,3119
https://github.com/emberjs/ember.js,JavaScript,5287
https://github.com/mikel/mail,Ruby,1338
https://github.com/thoughtbot/factory_girl,Ruby,2550
https://github.com/videlalvaro/gifsockets,Java,1074
https://github.com/fpillet/NSLogger,Objective-C,1009
https://github.com/cortesi/mitmproxy,Python,1336
https://github.com/headjs/headjs,JavaScript,2568
https://github.com/harvesthq/chosen,JavaScript,9978
https://github.com/msanders/snipmate.vim,VimL,1651
https://github.com/joyent/libuv,C,1045
https://github.com/Shopify/liquid,Ruby,1296
https://github.com/vert-x/vert.x,Java,1704
https://github.com/hookio/hook.io,JavaScript,1302
https://github.com/leafo/lessphp,PHP,1362
https://github.com/malsup/form,JavaScript,1472
https://github.com/jdg/MBProgressHUD,Objective-C,2731
https://github.com/binarylogic/authlogic,Ruby,3397
https://github.com/drupal/drupal,PHP,1019
https://github.com/radiant/radiant,Ruby,1404
https://github.com/saasbook/hw4_rottenpotatoes,Ruby,2223
https://github.com/defunkt/hub,Ruby,1823
https://github.com/chriseppstein/compass,Ruby,4057
https://github.com/mozilla/pdf.js,JavaScript,4981
https://github.com/amsul/pickadate.js,JavaScript,1824
https://github.com/mbleigh/acts-as-taggable-on,Ruby,2080
https://github.com/jverkoey/nimbus,Objective-C,2275
https://github.com/tpope/vim-pathogen,VimL,2529
https://github.com/altercation/vim-colors-solarized,VimL,1257
https://github.com/paulirish/infinite-scroll,JavaScript,1545
https://github.com/gimite/web-socket-js,ActionScript,1489
https://github.com/nothingmagical/cheddar-ios,Objective-C,2001
https://github.com/tonytomov/jqGrid,JavaScript,1134
https://github.com/octocat/Spoon-Knife,null,10385
https://github.com/toastdriven/django-tastypie,Python,1785
https://github.com/padrino/padrino-framework,Ruby,1494
https://github.com/gregbell/active_admin,Ruby,3582
https://github.com/brunch/brunch,CoffeeScript,2037
https://github.com/creationix/step,JavaScript,1118
https://github.com/codahale/metrics,Java,1187
https://github.com/tenderlove/nokogiri,Ruby,1678
https://github.com/defunkt/resque,Ruby,4399
https://github.com/django-extensions/django-extensions,Python,1319
https://github.com/mangos/server,C++,1845
https://github.com/VeriteCo/TimelineJS,JavaScript,2772
https://github.com/defunkt/cijoe,Ruby,1010
https://github.com/ccampbell/mousetrap,JavaScript,2819
https://github.com/jeff-optimizely/Guiders-JS,JavaScript,1304
https://github.com/CocoaPods/CocoaPods,Ruby,1819
https://github.com/chrismiles/CMPopTipView,Objective-C,1013
https://github.com/lojjic/PIE,JavaScript,2078
https://github.com/fabien-d/alertify.js,JavaScript,2033
https://github.com/browsermedia/browsercms,Ruby,1620
https://github.com/akka/akka,Scala,1447
https://github.com/justinfrench/formtastic,Ruby,3955
https://github.com/phonegap/phonegap-plugins,JavaScript,2563
https://github.com/spf13/spf13-vim,VimL,1508
https://github.com/sferik/rails_admin,Ruby,3515
https://github.com/paperjs/paper.js,JavaScript,2261
https://github.com/flyerhzm/bullet,Ruby,1560
https://github.com/tobi/delayed_job,Ruby,1889
https://github.com/ryanb/dotfiles,VimL,1412
https://github.com/technoweenie/faraday,Ruby,1076
https://github.com/bartaz/impress.js,JavaScript,12973
https://github.com/kneath/kss,Ruby,1672
https://github.com/saltstack/salt,Python,1012
https://github.com/levey/AwesomeMenu,Objective-C,2445
https://github.com/ccoenraets/backbone-directory,PHP,1082
https://github.com/TapQuo/Lungo.js,JavaScript,1008
https://github.com/isaacs/npm,JavaScript,3025
https://github.com/subtlepatterns/SubtlePatterns,PHP,1303
https://github.com/hakimel/reveal.js,JavaScript,5317
https://github.com/Khan/khan-exercises,JavaScript,1025
https://github.com/JakeWharton/Android-ViewPagerIndicator,Java,1335
https://github.com/PaulUithol/Backbone-relational,JavaScript,1375
https://github.com/honcheng/PaperFold-for-iOS,Objective-C,1310
https://github.com/netty/netty,Java,1255
https://github.com/pinax/pinax,Python,1808
https://github.com/apneadiving/Google-Maps-for-Rails,JavaScript,1094
https://github.com/facebook/connect-js,JavaScript,1409
https://github.com/antirez/redis,C,5607
https://github.com/pat/thinking-sphinx,Ruby,1190
https://github.com/pilu/web-app-theme,Ruby,2507
https://github.com/ajkochanowicz/Kickstrap,JavaScript,1503
https://github.com/necolas/normalize.css,null,7038
https://github.com/appcelerator/titanium_mobile,JavaScript,1450
https://github.com/necolas/idiomatic-css,null,1876
https://github.com/seajs/seajs,JavaScript,1033
https://github.com/cocos2d/cocos2d-iphone,Objective-C,2433
https://github.com/ginatrapani/todo.txt-cli,Shell,1090
https://github.com/facebook/php-sdk,PHP,4352
https://github.com/warpech/jquery-handsontable,JavaScript,1362
https://github.com/tobeytailor/gordon,JavaScript,1720
https://github.com/madrobby/scriptaculous,JavaScript,2352
https://github.com/tuupola/jquery_jeditable,JavaScript,1026
https://github.com/restsharp/RestSharp,C#,1062
https://github.com/devstructure/blueprint,Python,1406
https://github.com/fabpot/Twig,PHP,1480
https://github.com/dbalatero/typhoeus,Ruby,1338
https://github.com/elasticsearch/elasticsearch,Java,3227
https://github.com/CreateJS/EaselJS,JavaScript,2016
https://github.com/TTimo/doom3.gpl,C++,2833
https://github.com/segmentio/analytics.js,JavaScript,1269
https://github.com/refinery/refinerycms,Ruby,2524
https://github.com/kennethreitz/requests,Python,4491
https://github.com/jlong/sass-twitter-bootstrap,JavaScript,1631
https://github.com/fog/fog,Ruby,2303
https://github.com/playframework/Play20,Scala,2576
https://github.com/ivaynberg/select2,JavaScript,4643
https://github.com/douglascrockford/JSON-js,JavaScript,2752
https://github.com/imulus/retinajs,JavaScript,1324
https://github.com/ServiceStack/ServiceStack,C#,1189
https://github.com/LeaVerou/prefixfree,JavaScript,1392
https://github.com/NoamB/sorcery,Ruby,1246
https://github.com/ry/node_chat,JavaScript,1199
https://github.com/twitter/bower,JavaScript,3460
https://github.com/rogerwang/node-webkit,C++,1499
https://github.com/square/crossfilter,JavaScript,2101
https://github.com/capistrano/capistrano,Ruby,3030
https://github.com/appjs/appjs,C++,1566
https://github.com/Kicksend/mailcheck,JavaScript,3242
https://github.com/php-fig/fig-standards,null,1621
https://github.com/keithw/mosh,C++,1594
https://github.com/opscode/chef,Ruby,1937
https://github.com/brow/leaves,Objective-C,1217
https://github.com/wakaleo/game-of-life,Java,1342
https://github.com/ernie/squeel,Ruby,1003
https://github.com/DmitryBaranovskiy/g.raphael,JavaScript,1176
https://github.com/pieter/gitx,Objective-C,1678
https://github.com/Prinzhorn/skrollr,JavaScript,1667
https://github.com/wayneeseguin/rvm,Shell,2101
https://github.com/opscode/cookbooks,Ruby,1786
https://github.com/senchalabs/connect,JavaScript,2849
https://github.com/NetEase/pomelo,JavaScript,1145
https://github.com/RuudBurger/CouchPotato,Python,1032
https://github.com/etsy/statsd,JavaScript,3314
https://github.com/technomancy/leiningen,Clojure,1929
https://github.com/benoitc/gunicorn,Python,1076
https://github.com/webpy/webpy,Python,2022
https://github.com/charliesome/better_errors,Ruby,2374
https://github.com/maker/ratchet,JavaScript,3430
https://github.com/guard/guard,Ruby,2061
https://github.com/seyhunak/twitter-bootstrap-rails,Ruby,2557
https://github.com/jnicklas/carrierwave,Ruby,3597
https://github.com/logstash/logstash,Ruby,1053
https://github.com/fabric/fabric,Python,1849
https://github.com/playframework/play,Python,1356
https://github.com/robbiehanson/CocoaAsyncSocket,Objective-C,1102
https://github.com/h5bp/mobile-boilerplate,JavaScript,2320
https://github.com/mikechambers/as3corelib,ActionScript,1213
https://github.com/michaeldv/awesome_print,Ruby,1266
https://github.com/kien/ctrlp.vim,VimL,1524
https://github.com/pokeb/asi-http-request,Objective-C,4296
https://github.com/sparklemotion/nokogiri,Ruby,1900
https://github.com/revans/bash-it,Shell,1109
https://github.com/blasten/turn.js,JavaScript,2258
https://github.com/Simbul/baker,Objective-C,1172
https://github.com/square/KIF,Objective-C,1288
https://github.com/scrooloose/nerdtree,VimL,1939
https://github.com/puppetlabs/puppet,Ruby,1083
https://github.com/arduino/Arduino,Java,1474
https://github.com/technoweenie/restful-authentication,Ruby,1656
https://github.com/mleibman/SlickGrid,JavaScript,2574
https://github.com/haml/haml,Ruby,1951
https://github.com/jordansissel/fpm,Ruby,1285
https://github.com/robbyrussell/oh-my-zsh,Shell,8056
https://github.com/ideashower/ShareKit,Objective-C,1749
https://github.com/mattgemmell/MGSplitViewController,Objective-C,1140
https://github.com/yahoo/mojito,JavaScript,1283
https://github.com/oyvindkinsey/easyXDM,JavaScript,1052
https://github.com/resmo/git-ftp,Shell,1205
https://github.com/probablycorey/wax,C,1043
https://github.com/mathiasbynens/jquery-placeholder,JavaScript,1290
https://github.com/codejoust/session.js,JavaScript,1074
https://github.com/documentcloud/underscore,JavaScript,6917
https://github.com/posabsolute/jQuery-Validation-Engine,JavaScript,1123
https://github.com/johndyer/mediaelement,JavaScript,1340
https://github.com/openframeworks/openFrameworks,C,2029
https://github.com/oesmith/morris.js,CoffeeScript,2034
https://github.com/mootools/mootools-core,JavaScript,1831
https://github.com/Nyx0uf/NYXImagesKit,Objective-C,1045
https://github.com/aurajs/aura,JavaScript,1773
https://github.com/sorccu/cufon,JavaScript,1987
https://github.com/marcuswestin/store.js,JavaScript,1341
https://github.com/jeresig/jquery.hotkeys,JavaScript,1047
https://github.com/addyosmani/jquery-ui-bootstrap,JavaScript,3919
https://github.com/andymccurdy/redis-py,Python,1552
https://github.com/harrah/xsbt,Scala,1370
https://github.com/somerandomdude/Iconic,Python,1140
https://github.com/stonean/slim,Ruby,1568
https://github.com/pixelmatrix/uniform,JavaScript,1735
https://github.com/blueimp/jQuery-File-Upload,JavaScript,8878
https://github.com/ChiperSoft/Kalendae,JavaScript,1388
https://github.com/aterrien/jQuery-Knob,JavaScript,1804
https://github.com/github/markup,Ruby,1384
https://github.com/EightMedia/hammer.js,JavaScript,3001
https://github.com/bitcoin/bitcoin,C++,1577
https://github.com/stefankroes/ancestry,Ruby,1140
https://github.com/schacon/showoff,JavaScript,2288
https://github.com/xbmc/xbmc,C,1972
https://github.com/pdfkit/pdfkit,Ruby,1239
https://github.com/rsms/kod,Objective-C,2475
https://github.com/chrisbanes/Android-PullToRefresh,Java,1009
https://github.com/jfeinstein10/SlidingMenu,Java,1036
https://github.com/cubiq/iscroll,JavaScript,1876
https://github.com/tonymillion/Reachability,Objective-C,1010
https://github.com/rails/jquery-ujs,JavaScript,1740
https://github.com/ginatrapani/ThinkUp,PHP,2341
https://github.com/adobe/source-code-pro,Shell,2055
https://github.com/natew/obtvse,Ruby,1299
https://github.com/retlehs/roots,PHP,2536
https://github.com/uxebu/bonsai,JavaScript,1051
https://github.com/desandro/masonry,JavaScript,3334
https://github.com/JuliaLang/julia,Julia,1811
https://github.com/square/cube,JavaScript,2341
https://github.com/apenwarr/sshuttle,Python,2391
https://github.com/phonegap/phonegap,JavaScript,2487
https://github.com/imathis/octopress,Ruby,4717
https://github.com/kennethreitz/osx-gcc-installer,null,2385
https://github.com/balupton/history.js,JavaScript,3967
https://github.com/LockerProject/Locker,JavaScript,1077
https://github.com/github/gollum,JavaScript,2709
https://github.com/Lokaltog/vim-powerline,VimL,1881
https://github.com/diaspora/diaspora,Ruby,7714
https://github.com/imakewebthings/deck.js,JavaScript,3096
https://github.com/cloudfoundry/vcap,Ruby,1402
https://github.com/sockjs/sockjs-client,JavaScript,1026
https://github.com/imsky/holder,JavaScript,1663
https://github.com/php/php-src,C,2724
https://github.com/socketstream/socketstream,CoffeeScript,2320
https://github.com/TrinityCore/TrinityCore,C++,1883
https://github.com/AFNetworking/AFNetworking,Objective-C,5040
https://github.com/valums/file-uploader,JavaScript,3448
https://github.com/filamentgroup/Responsive-Images,JavaScript,1276
https://github.com/aino/galleria,JavaScript,1096
https://github.com/documentcloud/jammit,Ruby,1073
https://github.com/wycats/thor,Ruby,1473
https://github.com/rmm5t/jquery-timeago,JavaScript,1618
https://github.com/SublimeLinter/SublimeLinter,JavaScript,1046
https://github.com/carhartl/jquery-cookie,JavaScript,2666
https://github.com/play/play,Ruby,1057
https://github.com/voldemort/voldemort,Java,1004
https://github.com/enormego/EGOTableViewPullRefresh,Objective-C,1956
https://github.com/phonegap/phonegap-start,JavaScript,2350
https://github.com/sparklemotion/mechanize,Ruby,1296
https://github.com/assaf/zombie,JavaScript,1406
https://github.com/tbranyen/backbone-boilerplate,JavaScript,3200
https://github.com/jashkenas/docco,CoffeeScript,1434
https://github.com/jquery/jquery,JavaScript,18090
https://github.com/fancyapps/fancyBox,JavaScript,1249
https://github.com/creationix/nvm,Shell,1238
https://github.com/altercation/solarized,VimL,3384
https://github.com/omnigroup/OmniGroup,Objective-C,1297
https://github.com/cocos2d/cocos2d-x,C,1029
https://github.com/pauldix/feedzirra,Ruby,1063
https://github.com/MacRuby/MacRuby,Ruby,1418
https://github.com/alexreisner/geocoder,Ruby,1458
https://github.com/postrank-labs/goliath,Ruby,1377
https://github.com/lg/murder,Python,1372
https://github.com/vitch/jScrollPane,JavaScript,1033
https://github.com/LearnBoost/mongoose,JavaScript,2636
https://github.com/amatsuda/kaminari,Ruby,2816
https://github.com/NateW/obtvse,Ruby,1231
https://github.com/danlucraft/git.js,JavaScript,1093
https://github.com/kriskowal/q,JavaScript,1107
https://github.com/kangax/fabric.js,JavaScript,1507
https://github.com/gruntjs/grunt,JavaScript,4533
https://github.com/mattgemmell/MGTwitterEngine,Objective-C,1199
https://github.com/zendframework/zf2,PHP,3550
https://github.com/stig/json-framework,Objective-C,2812
https://github.com/erlang/otp,Erlang,1705
https://github.com/intridea/omniauth,Ruby,3523
https://github.com/karmi/tire,Ruby,1035
https://github.com/tombenner/nui,Objective-C,1337
https://github.com/adamdbradley/foresight.js,JavaScript,1753
https://github.com/jquerytools/jquerytools,JavaScript,1733
https://github.com/n1k0/casperjs,JavaScript,1126
https://github.com/daleharvey/pouchdb,JavaScript,1019
https://github.com/timrwood/moment,JavaScript,4701
https://github.com/redis/redis-rb,Ruby,1331
https://github.com/github/janky,Ruby,1596
https://github.com/visionmedia/jade,JavaScript,3798
https://github.com/adobe/Source-Code-Pro,Shell,1536
https://github.com/thomasdavis/backbonetutorials,JavaScript,1058
https://github.com/substack/node-browserify,JavaScript,1408
https://github.com/ender-js/Ender,JavaScript,1325
https://github.com/carlhuda/janus,VimL,3838
https://github.com/eternicode/bootstrap-datepicker,JavaScript,1520
https://github.com/mojombo/god,Ruby,1202
https://github.com/appMobi/jQ.Mobi,JavaScript,1034
https://github.com/razorjack/quicksand,JavaScript,1306
https://github.com/37signals/pow,CoffeeScript,1974
https://github.com/liftoff/GateOne,Python,1656
https://github.com/rails-api/rails-api,Ruby,1769
https://github.com/ipython/ipython,Python,1216
https://github.com/boto/boto,Python,2316
https://github.com/jnunemaker/httparty,Ruby,1684
https://github.com/pydata/pandas,Python,1257
https://github.com/rs/SDWebImage,Objective-C,2213
https://github.com/xamarin/XobotOS,Java,1053
https://github.com/rstacruz/jquery.transit,JavaScript,1864
https://github.com/chjj/marked,JavaScript,1045
https://github.com/airblade/paper_trail,Ruby,1528
https://github.com/torvalds/linux,C,6973
https://github.com/felixge/node-formidable,JavaScript,1099
https://github.com/jedi4ever/veewee,Ruby,1356
https://github.com/b4winckler/macvim,C,2874
https://github.com/addyosmani/backbone-fundamentals,JavaScript,5257
https://github.com/chriso/node.io,JavaScript,1305
https://github.com/django/django-old,Python,3250
https://github.com/fabpot/Silex,PHP,1378
https://github.com/FriendsOfSymfony/FOSUserBundle,PHP,1068
https://github.com/ccampbell/rainbow,JavaScript,1529
https://github.com/OscarGodson/EpicEditor,JavaScript,1969
https://github.com/xdissent/ievms,Shell,4174
https://github.com/dhgamache/Skeleton,JavaScript,3238
https://github.com/bobthecow/mustache.php,PHP,1011
https://github.com/SteveSanderson/knockout,JavaScript,3050
https://github.com/pry/pry,Ruby,1646
https://github.com/yiisoft/yii,PHP,2247
https://github.com/tommoor/tinycon,JavaScript,2733
https://github.com/jsantell/dancer.js,JavaScript,1266
https://github.com/ubuwaits/css3-buttons,Ruby,1178
https://github.com/devinross/tapkulibrary,Objective-C,2957
https://github.com/viljamis/ResponsiveSlides.js,JavaScript,1136
https://github.com/alohaeditor/Aloha-Editor,JavaScript,1271
https://github.com/josephg/ShareJS,JavaScript,1537
https://github.com/tpope/vim-surround,VimL,1021
https://github.com/Mojang/Minecraft-API,Java,1278
https://github.com/HumbleSoftware/Flotr2,JavaScript,1508
https://github.com/maccman/macgap,Objective-C,1288
https://github.com/laravel/laravel,PHP,2564
https://github.com/robey/kestrel,Scala,1748
https://github.com/philc/vimium,CoffeeScript,1093
https://github.com/LearnBoost/cluster,JavaScript,1290
https://github.com/mongodb/node-mongodb-native,JavaScript,1858
https://github.com/brotherbard/gitx,Objective-C,1608
https://github.com/mythz/jquip,JavaScript,1304
https://github.com/brianleroux/lawnchair,JavaScript,1334
https://github.com/nathansmith/960-Grid-System,null,2217
https://github.com/appcelerator/KitchenSink,JavaScript,1572
https://github.com/abraham/twitteroauth,PHP,1497
https://github.com/jquery/qunit,JavaScript,2209
https://github.com/tpope/vim-rails,VimL,1768
https://github.com/niklasvh/html2canvas,JavaScript,1677
https://github.com/Kronuz/SublimeCodeIntel,Python,1396
https://github.com/zurb/foundation,Ruby,8023
https://github.com/kohana/kohana,PHP,1199
https://github.com/nathansmith/formalize,JavaScript,1185
https://github.com/emmetio/emmet,JavaScript,1152
https://github.com/caolan/jam,JavaScript,1002
https://github.com/twitter/twui,Objective-C,2245
https://github.com/edgecase/ruby_koans,Ruby,1638
https://github.com/square/cubism,JavaScript,1746
https://github.com/jwysiwyg/jwysiwyg,JavaScript,1052
https://github.com/viatropos/tower,CoffeeScript,1190
https://github.com/quirkey/sammy,JavaScript,2087
https://github.com/symfony/symfony,PHP,5978
https://github.com/stffn/declarative_authorization,Ruby,1098
https://github.com/raganwald/homoiconic,Ruby,1275
https://github.com/facebook/tornado,Python,4800
https://github.com/soffes/sstoolkit,Objective-C,1665
https://github.com/plataformatec/devise,Ruby,7549
https://github.com/cinder/Cinder,C++,1029
https://github.com/vmg/redcarpet,C,1218
https://github.com/stubbornella/oocss,null,3125
https://github.com/Flotype/now,JavaScript,1717
https://github.com/doctrine/doctrine2,PHP,1607
https://github.com/cyrilmottier/GreenDroid,Java,1454
https://github.com/midgetspy/Sick-Beard,Python,1937
https://github.com/yui/yui3,JavaScript,2019
https://github.com/nodejitsu/forever,JavaScript,2016
https://github.com/facebook/three20,Objective-C,7180
https://github.com/facebook/folly,C++,2512
https://github.com/mxcl/homebrew,Ruby,10996
https://github.com/faye/faye,JavaScript,1604
https://github.com/jquery/jquery-ui,JavaScript,6674
https://github.com/tomaz/appledoc,Objective-C,1214
https://github.com/visionmedia/express,JavaScript,8472
https://github.com/ariya/phantomjs,C++,4203
https://github.com/josevalim/rails-footnotes,Ruby,1027
https://github.com/samvermette/SVProgressHUD,Objective-C,1665
https://github.com/holman/spark,Shell,1699
https://github.com/codeguy/php-the-right-way,JavaScript,1106
https://github.com/rg3/youtube-dl,Python,1228
https://github.com/jeresig/processing-js,Java,1363
https://github.com/jonikorpi/Golden-Grid-System,JavaScript,1284
https://github.com/tuupola/jquery_lazyload,JavaScript,1032
https://github.com/pluginaweek/state_machine,Ruby,1983
https://github.com/prawnpdf/prawn,Ruby,1731
https://github.com/celery/celery,Python,1436
https://github.com/sporkrb/spork,Ruby,1085
https://github.com/cloudhead/toto,Ruby,1246
https://github.com/GBKS/Wookmark-jQuery,JavaScript,1068
https://github.com/mangos/mangos,C++,1771
https://github.com/rentzsch/mogenerator,Objective-C,1100
https://github.com/mruby/mruby,C,1733
https://github.com/wooga/Pocket-Island,JavaScript,1011
https://github.com/csswizardry/inuit.css,Shell,1414
https://github.com/errbit/errbit,Ruby,1155
https://github.com/medialize/URI.js,JavaScript,1447
https://github.com/Induction/Induction,Objective-C,1835
https://github.com/plataformatec/simple_form,Ruby,2821
https://github.com/thomas-mcdonald/bootstrap-sass,Ruby,2091
https://github.com/mono/mono,C#,1286
https://github.com/vfr/Reader,Objective-C,1222
https://github.com/pandamonia/BlocksKit,Objective-C,1117
https://github.com/ftlabs/fastclick,JavaScript,1178
https://github.com/visionmedia/masteringnode,JavaScript,1007
https://github.com/toastdriven/django-haystack,Python,1075
https://github.com/sferik/twitter,Ruby,1937
https://github.com/codeparty/derby,JavaScript,1665
https://github.com/vcr/vcr,Ruby,1047
https://github.com/visionmedia/mocha,JavaScript,2139
https://github.com/ajaxorg/ace,JavaScript,4186
https://github.com/gabriel/gh-unit,Objective-C,1334
https://github.com/caolan/async,JavaScript,3716
https://github.com/lockitron/selfstarter,Ruby,1564
https://github.com/steipete/PSStackedView,Objective-C,1284
https://github.com/joehewitt/scrollability,JavaScript,1604
https://github.com/marijnh/CodeMirror,JavaScript,2120
https://github.com/insoshi/insoshi,Ruby,1486
https://github.com/drapergem/draper,Ruby,1400
https://github.com/visionmedia/uikit,JavaScript,1065
https://github.com/mbostock/d3,JavaScript,11161
https://github.com/bebraw/jswiki,JavaScript,2078
https://github.com/mozilla/rust,Rust,1597
https://github.com/cloudhead/less.js,JavaScript,7338
https://github.com/divio/django-cms,Python,1800
https://github.com/ddollar/foreman,Ruby,1395
https://github.com/DmitryBaranovskiy/raphael,JavaScript,4657
https://github.com/jmechner/Prince-of-Persia-Apple-II,Assembly,3022
https://github.com/twitter/bootstrap,JavaScript,42393
https://github.com/jnunemaker/mongomapper,Ruby,1479
https://github.com/Modernizr/Modernizr,JavaScript,7890
https://github.com/aozora/bootmetro,JavaScript,1298
https://github.com/msgpack/msgpack,C++,1085
https://github.com/archiloque/rest-client,Ruby,1225
https://github.com/visionmedia/git-extras,Shell,1801
https://github.com/mmangino/facebooker,Ruby,1044
https://github.com/0xced/UIKit-Artwork-Extractor,Objective-C,1291
https://github.com/amoffat/sh,Python,1661
https://github.com/goagent/goagent,Python,1213
https://github.com/CloudMade/Leaflet,JavaScript,3503
https://github.com/fuel/fuel,PHP,1196
https://github.com/nathanmarz/storm,Java,4798
https://github.com/svenfuchs/rails-i18n,Ruby,1586
https://github.com/jhollingworth/bootstrap-wysihtml5,JavaScript,2116
https://github.com/mde/geddy,JavaScript,1230
https://github.com/mongoid/mongoid,Ruby,2415
https://github.com/mishoo/UglifyJS,JavaScript,3524
https://github.com/nodejitsu/node-http-proxy,JavaScript,1546
https://github.com/thoughtbot/shoulda,Ruby,1333
https://github.com/jquery/jquery-mobile,JavaScript,7591
https://github.com/angular/angular.js,JavaScript,5565
https://github.com/xing/wysihtml5,JavaScript,4295
https://github.com/MugunthKumar/MKNetworkKit,Objective-C,1384
https://github.com/codebutler/firesheep,C++,1335
https://github.com/mperham/sidekiq,Ruby,2022
https://github.com/mitsuhiko/flask,Python,4516
https://github.com/mnutt/hummingbird,JavaScript,2014
https://github.com/ryanb/nifty-generators,Ruby,1946
https://github.com/plamoni/SiriProxy,Ruby,1487
https://github.com/twitter/hogan.js,JavaScript,2353
https://github.com/jrburke/requirejs,JavaScript,2918
https://github.com/jairajs89/Touchy.js,JavaScript,1000
https://github.com/marionettejs/backbone.marionette,JavaScript,1836
https://github.com/mikeal/request,JavaScript,1956
https://github.com/kennethreitz/python-guide,Python,1702
https://github.com/twitter/flockdb,Scala,1539
https://github.com/davatron5000/Lettering.js,JavaScript,2264
https://github.com/kumarnitin/RedisLive,JavaScript,1259
https://github.com/davatron5000/FitVids.js,JavaScript,1425
https://github.com/jquery/sizzle,JavaScript,2154
https://github.com/fgnass/spin.js,JavaScript,4184
https://github.com/LearnBoost/socket.io-client,JavaScript,1835
https://github.com/flot/flot,JavaScript,1461
https://github.com/jruby/jruby,Ruby,1205
https://github.com/v8/v8,C++,1076
https://github.com/sergeche/emmet-sublime,JavaScript,1106
https://github.com/wycats/handlebars.js,JavaScript,3619
https://github.com/eventmachine/eventmachine,Ruby,1934
https://github.com/burke/zeus,Go,1151
https://github.com/rupa/z,Shell,1230
https://github.com/gekitz/UIDevice-with-UniqueIdentifier-for-iOS-5,Objective-C,1072
https://github.com/chriskempson/tomorrow-theme,VimL,3968
https://github.com/einars/js-beautify,JavaScript,1163
https://github.com/gmoledina/GMGridView,Objective-C,1539
https://github.com/Bukkit/Bukkit,Java,1267
https://github.com/facebook/phabricator,PHP,1425
https://github.com/facebook/hiphop-php,C++,4594
https://github.com/clojure/clojure,Java,2001
https://github.com/AutoMapper/AutoMapper,C#,1112
https://github.com/square/SocketRocket,Python,1145
https://github.com/RestKit/RestKit,Objective-C,3588
https://github.com/spree/spree,Ruby,3544
https://github.com/mauricemach/coffeekup,CoffeeScript,1022
https://github.com/bergie/create,JavaScript,1345
https://github.com/defunkt/jquery-pjax,JavaScript,5368
https://github.com/unconed/TermKit,JavaScript,3748
https://github.com/FooBarWidget/passenger,C++,1440
https://github.com/farbrausch/fr_public,C++,1024
https://github.com/thoughtbot/laptop,Shell,1002
https://github.com/zk00006/OpenTLD,Objective-C,1087
https://github.com/mailchimp/Email-Blueprints,null,1847
https://github.com/defunkt/mustache,Ruby,1464
https://github.com/mojombo/chronic,Ruby,1170
https://github.com/malarkey/320andup,JavaScript,1780
https://github.com/pyrocms/pyrocms,PHP,1221
https://github.com/django-debug-toolbar/django-debug-toolbar,Python,1946
https://github.com/woothemes/FlexSlider,JavaScript,1474
https://github.com/libgit2/libgit2,C,1086
https://github.com/darcyclarke/Front-end-Developer-Interview-Questions,null,1354
https://github.com/trogdoro/xiki,Ruby,1189
https://github.com/airbnb/infinity,JavaScript,1389
https://github.com/mathiasbynens/dotfiles,PHP,5117
https://github.com/memcached/memcached,C,2094
https://github.com/andymatuschak/Sparkle,Objective-C,1016
https://github.com/codeguy/Slim,PHP,1973
https://github.com/kjbekkelund/writings,null,1120
https://github.com/mockko/livereload,JavaScript,1114
https://github.com/technomancy/emacs-starter-kit,Emacs Lisp,2212
https://github.com/zencoder/video-js,JavaScript,2040
https://github.com/AlanQuatermain/AQGridView,Objective-C,1930
https://github.com/leah/PullToRefresh,Objective-C,1691
https://github.com/janl/mustache.js,JavaScript,4275
https://github.com/gmarik/vundle,VimL,2057
https://github.com/jondot/graphene,CoffeeScript,1648
https://github.com/gravityonmars/Balloons.IO,JavaScript,1098
https://github.com/lifo/cramp,JavaScript,1114
https://github.com/ubuwaits/beautiful-web-type,Ruby,1514
https://github.com/johnezang/JSONKit,Objective-C,2991
https://github.com/jaredhanson/passport,JavaScript,1158
https://github.com/ether/etherpad-lite,JavaScript,2082
https://github.com/LearnBoost/stylus,JavaScript,2535
https://github.com/mperham/dalli,Ruby,1324
https://github.com/websanova/js-url,JavaScript,1062
https://github.com/taitems/Aristo-jQuery-UI-Theme,JavaScript,1410
https://github.com/github/android,Java,1583
https://github.com/HPNeo/gmaps,JavaScript,3293
https://github.com/ajaxorg/cloud9,JavaScript,3567
https://github.com/NancyFx/Nancy,C#,1220
https://github.com/rwldrn/idiomatic.js,JavaScript,3007
https://github.com/tpope/vim-fugitive,VimL,2505
https://github.com/thoughtbot/paperclip,Ruby,4705
https://github.com/norman/friendly_id,Ruby,1861
https://github.com/thoughtbot/bourbon,Ruby,1775
https://github.com/happyworm/jPlayer,JavaScript,1571
https://github.com/kstenerud/iOS-Universal-Framework,Shell,1224
https://github.com/senchalabs/jQTouch,JavaScript,2491
https://github.com/scottjehl/picturefill,JavaScript,1344
https://github.com/buymeasoda/soda-theme,null,2069
https://github.com/jejacks0n/mercury,JavaScript,1345
https://github.com/nostalgiaz/bootstrap-toggle-buttons,JavaScript,1111
https://github.com/kripken/emscripten,JavaScript,2613
https://github.com/EllisLab/CodeIgniter,PHP,4846
https://github.com/BigZaphod/Chameleon,Objective-C,1643
https://github.com/facebook/facebook-php-sdk,PHP,1763
https://github.com/binarylogic/searchlogic,Ruby,1349
https://github.com/apache/couchdb,Erlang,1278
https://github.com/getpelican/pelican,Python,1270
https://github.com/sproutcore/sproutcore,JavaScript,1841
https://github.com/simsalabim/sisyphus,JavaScript,1121
https://github.com/meskyanichi/backup,Ruby,1964
https://github.com/chaplinjs/chaplin,CoffeeScript,1597
https://github.com/LearnBoost/socket.io,JavaScript,7086
https://github.com/magicalpanda/MagicalRecord,Objective-C,2197
https://github.com/fzaninotto/Faker,PHP,1030
https://github.com/sstephenson/prototype,JavaScript,2558
https://github.com/felixge/node-mysql,JavaScript,1593
https://github.com/dbushell/Socialite,JavaScript,1014
https://github.com/daylerees/colour-schemes,VimL,1682
https://github.com/sebastianbergmann/phpunit,PHP,2300
https://github.com/locomotivecms/engine,Ruby,1351
https://github.com/tinymce/tinymce,JavaScript,1418
https://github.com/jenkinsci/jenkins,Java,1721
https://github.com/imakewebthings/jquery-waypoints,JavaScript,1631
https://github.com/marijnh/CodeMirror2,JavaScript,1581
https://github.com/intridea/grape,Ruby,2246
https://github.com/reddit/reddit,Python,3058
https://github.com/ryanb/nested_form,Ruby,1027
https://github.com/desandro/isotope,JavaScript,2554
https://github.com/timburks/nu,Objective-C,1710
https://github.com/harthur/brain,JavaScript,1374
https://github.com/rails/rails,Ruby,16948
https://github.com/mynyml/watchr,Ruby,1089
https://github.com/mirrors/linux-2.6,C,1819
https://github.com/fernandezpablo85/scribe-java,Java,1134
https://github.com/saasbook/hw3_rottenpotatoes,Ruby,3994
https://github.com/joelthelion/autojump,Python,1101
https://github.com/jaz303/tipsy,JavaScript,1351
https://github.com/tweepy/tweepy,Python,1434
https://github.com/ducksboard/gridster.js,JavaScript,1700
https://github.com/getsentry/sentry,Python,2347
https://github.com/Shopify/batman,CoffeeScript,1187
https://github.com/facebook/facebook-ios-sdk,Objective-C,3626
https://github.com/mrdoob/three.js,JavaScript,9411
https://github.com/klazuka/Kal,Objective-C,1003
https://github.com/maccman/spine,JavaScript,2242
https://github.com/yeoman/yeoman,Shell,2264
https://github.com/mozilla/browserid,JavaScript,1203
https://github.com/sinatra/sinatra,Ruby,4384
https://github.com/codecomputerlove/PhotoSwipe,JavaScript,1103
https://github.com/jnicklas/capybara,Ruby,3136
https://github.com/clojure/clojurescript,Clojure,1662
https://github.com/nzakas/computer-science-in-javascript,JavaScript,1455
https://github.com/mitchellh/vagrant,Ruby,2594
https://github.com/sstephenson/eco,CoffeeScript,1173
https://github.com/chriskempson/Tomorrow-Theme,JavaScript,1167
https://github.com/omab/django-social-auth,Python,1521
https://github.com/collectiveidea/delayed_job,Ruby,2300
https://github.com/ckrack/fbootstrapp,JavaScript,1476
https://github.com/josevalim/inherited_resources,Ruby,1775
https://github.com/simplegeo/python-oauth2,Python,1388
https://github.com/Shopify/active_merchant,Ruby,2210
https://github.com/thomaspark/bootswatch,JavaScript,1910
https://github.com/apache/cassandra,Java,1153
https://github.com/johnpolacek/scrollorama,JavaScript,1656
https://github.com/sstephenson/sprockets,Ruby,1719
https://github.com/wavded/humane-js,JavaScript,1304
https://github.com/django/django,Python,4983
https://github.com/etsy/deployinator,JavaScript,1047
https://github.com/Cocoanetics/DTCoreText,Objective-C,1437
https://github.com/simplebits/Pears,PHP,1200
https://github.com/jorgebastida/glue,Python,1360
https://github.com/dchelimsky/rspec,Ruby,1758
https://github.com/ryanb/ruby-warrior,Ruby,1143
https://github.com/guillaumepotier/Garlic.js,JavaScript,1125
https://github.com/nvie/gitflow,Shell,5412
https://github.com/kanaka/noVNC,JavaScript,1147
https://github.com/nex3/haml,Ruby,1762
https://github.com/loopj/jquery-tokeninput,JavaScript,1556
https://github.com/domesticcatsoftware/DCIntrospect,Objective-C,1172
https://github.com/rails/turbolinks,CoffeeScript,1395
https://github.com/gitlabhq/gitlabhq,Ruby,5987
https://github.com/capttaco/Briefs,Objective-C,1210
https://github.com/Caged/gitnub,Ruby,1081
https://github.com/holman/dotfiles,VimL,1195
https://github.com/appdotnet/api-spec,JavaScript,1046
https://github.com/twitter/gizzard,Scala,1514
https://github.com/ruby/ruby,Ruby,3467
https://github.com/fatfreecrm/fat_free_crm,Ruby,1986
https://github.com/jquery/jquery-tmpl,JavaScript,2002
https://github.com/ExactTarget/fuelux,JavaScript,1106
https://github.com/tmpvar/jsdom,JavaScript,1787
https://github.com/dannycoates/node-inspector,JavaScript,1995
https://github.com/Shopify/dashing,JavaScript,1614
https://github.com/mapbox/tilemill,JavaScript,1156
https://github.com/codebrew/backbone-rails,Ruby,1278
https://github.com/ryanb/cancan,Ruby,4018
https://github.com/clips/pattern,Python,1433
https://github.com/jkbr/httpie,Python,4199
https://github.com/rigoneri/syte,JavaScript,2137
https://github.com/mojombo/grit,Ruby,1578
https://github.com/cloudhead/less,Ruby,1066
https://github.com/mislav/will_paginate,Ruby,3426
https://github.com/basho/riak,Shell,1023
https://github.com/git/git,C,3338
